bid, ask
0.0085336,0.0085337   
0.0085336,0.0085337   
