bid,ask
0.0083241,0.0083242
0.0083241,0.0083242
0.0083241,0.0083242
0.0083241,0.0083242
0.0083241,0.0083242
0.0083241,0.0083242
0.0083241,0.0083242
0.0083241,0.0083242
0.0083232,0.0083242
0.0083232,0.0083242
0.0083232,0.0083242
0.0083232,0.0083242
0.0083241,0.0083242
0.0083241,0.0083242
0.0083241,0.0083242
0.0083241,0.0083242
0.0083237,0.0083242
0.0083237,0.0083242
0.0083237,0.0083242
0.0083237,0.0083242
0.0083237,0.0083242
0.0083232,0.0083242
0.0083232,0.0083242
